STATION,NAME,LATITUDE,LONGITUDE,ELEVATION,DATE,CDSD,CDSD_ATTRIBUTES,CLDD,CLDD_ATTRIBUTES,DP01,DP01_ATTRIBUTES,DP10,DP10_ATTRIBUTES,DT00,DT00_ATTRIBUTES,DT32,DT32_ATTRIBUTES,DX32,DX32_ATTRIBUTES,DX70,DX70_ATTRIBUTES,DX90,DX90_ATTRIBUTES,EMNT,EMNT_ATTRIBUTES,EMXP,EMXP_ATTRIBUTES,EMXT,EMXT_ATTRIBUTES,FZF0,FZF0_ATTRIBUTES,FZF5,FZF5_ATTRIBUTES,FZF6,FZF6_ATTRIBUTES,HDSD,HDSD_ATTRIBUTES,HTDD,HTDD_ATTRIBUTES,PRCP,PRCP_ATTRIBUTES,TAVG,TAVG_ATTRIBUTES,TMAX,TMAX_ATTRIBUTES,TMIN,TMIN_ATTRIBUTES,Source_Station_ID,Source_Country_Name,Source_Station_Name
USW00013962,"ABILENE REGIONAL AIRPORT, TX US",32.41063,-99.68208,544.8,1948,1532.8,,1532.8,0,57.0,0,24.0,0,0.0,0,56.0,0,8.0,0,244.0,0,122.0,0,-12.8,"0,0311, ",39.1," ,0,0531, ",41.1,"0,0605, ",0.0,"0,1018",-3.3,"0,0313",-3.3,"0,0313",,,,,354.5," ,0",18.2,0,25.0,0,11.4,0,USW00013962,United States,ABILENE RGNL AP
USW00013962,"ABILENE REGIONAL AIRPORT, TX US",32.41063,-99.68208,544.8,1949,1255.0,,1255.0,0,80.0,0,48.0,0,0.0,0,44.0,0,8.0,0,244.0,0,93.0,0,-13.9,"0,0130, ",93.0," ,0,0713, ",38.9,"0,0712, ",-5.6,"0,1215",-1.1,"0,0318",-2.2,"0,0214",1562.3,3.0,1562.3,0,721.6," ,0",17.6,0,24.0,0,11.1,0,USW00013962,United States,ABILENE RGNL AP
USW00013962,"ABILENE REGIONAL AIRPORT, TX US",32.41063,-99.68208,544.8,1950,1291.6,,1291.6,0,57.0,0,39.0,0,0.0,0,55.0,0,5.0,0,261.0,0,98.0,0,-12.2,"0,1206, ",56.1," ,0,0802, ",37.8,"0,0625,+",-0.6,"0,1103",0.0,"0,0405",-2.2,"0,0314",1237.9,9.0,1237.9,0,667.9," ,0",18.2,0,25.2,0,11.3,0,USW00013962,United States,ABILENE RGNL AP
USW00013962,"ABILENE REGIONAL AIRPORT, TX US",32.41063,-99.68208,544.8,1951,1558.8,,1558.8,0,51.0,0,26.0,0,0.0,0,57.0,0,6.0,0,260.0,0,124.0,0,-17.2,"0,0201, ",55.1," ,0,0518, ",40.0,"0,0901,+",0.0,"0,1101",-4.4,"0,0319",-4.4,"0,0319",1414.3,3.0,1414.3,0,377.3," ,0",18.6,0,25.8,0,11.4,0,USW00013962,United States,ABILENE RGNL AP
USW00013962,"ABILENE REGIONAL AIRPORT, TX US",32.41063,-99.68208,544.8,1952,1505.9,,1505.9,0,47.0,0,26.0,0,0.0,0,39.0,0,2.0,0,257.0,0,120.0,0,-6.1,"0,0110,+",43.2," ,0,0523, ",41.7,"0,0831,+",-0.6,"0,1125",-1.1,"0,0328",-5.0,"0,0323",1295.7,7.0,1295.7,0,352.7," ,0",18.8,0,25.8,0,11.8,0,USW00013962,United States,ABILENE RGNL AP
USW00013962,"ABILENE REGIONAL AIRPORT, TX US",32.41063,-99.68208,544.8,1953,1537.1,,1537.1,0,47.0,0,33.0,0,0.0,0,33.0,0,2.0,0,258.0,0,121.0,0,-11.7,"0,1224, ",72.4," ,0,0717, ",41.1,"0,0810, ",-1.7,"0,1109",-1.1,"0,0304",-2.8,"0,0223",1293.7,7.0,1293.7,0,501.7," ,0",19.0,0,25.9,0,12.1,0,USW00013962,United States,ABILENE RGNL AP
USW00013962,"ABILENE REGIONAL AIRPORT, TX US",32.41063,-99.68208,544.8,1954,1619.6,,1619.6,0,43.0,0,24.0,0,0.0,0,33.0,0,1.0,0,258.0,0,125.0,0,-10.0,"0,0121, ",47.0," ,0,0412, ",41.7,"0,0726,+",-2.2,"0,1209",-0.6,"0,0401",-3.3,"0,0315",1327.1,1.0,1327.1,0,407.3," ,0",19.4,0,26.3,0,12.6,0,USW00013962,United States,ABILENE RGNL AP
USW00013962,"ABILENE REGIONAL AIRPORT, TX US",32.41063,-99.68208,544.8,1955,1489.5,,1489.5,0,53.0,0,35.0,0,0.0,0,60.0,0,0.0,0,255.0,0,118.0,0,-8.9,"0,0220, ",63.8," ,0,0924, ",39.4,"0,0809, ",-1.7,"0,1103",-2.8,"0,0328",-2.8,"0,0328",1285.2,2.0,1285.2,0,576.6," ,0",18.6,0,25.5,0,11.7,0,USW00013962,United States,ABILENE RGNL AP
USW00013962,"ABILENE REGIONAL AIRPORT, TX US",32.41063,-99.68208,544.8,1956,1692.4,,1692.4,0,38.0,0,27.0,0,0.0,0,51.0,0,4.0,0,257.0,0,144.0,0,-10.6,"0,0119, ",22.4," ,0,0430, ",40.6,"0,0830, ",-2.8,"0,1109",-3.3,"0,0316",-3.3,"0,0316",1456.6,6.0,1456.6,0,248.6," ,0",19.1,0,26.0,0,12.2,0,USW00013962,United States,ABILENE RGNL AP
USW00013962,"ABILENE REGIONAL AIRPORT, TX US",32.41063,-99.68208,544.8,1957,1222.0,,1222.0,0,88.0,0,52.0,0,0.0,0,38.0,0,3.0,0,218.0,0,93.0,0,-10.0,"0,0117, ",72.4," ,0,1013, ",40.6,"0,0730, ",-2.2,"0,1027",-2.2,"0,0413",-2.2,"0,0413",1371.9,9.0,1371.9,0,929.6," ,0",17.6,0,23.7,0,11.5,0,USW00013962,United States,ABILENE RGNL AP
USW00013962,"ABILENE REGIONAL AIRPORT, TX US",32.41063,-99.68208,544.8,1958,1305.7,,1305.7,0,84.0,0,49.0,0,0.0,0,61.0,0,3.0,0,218.0,0,95.0,0,-12.8,"0,1231, ",77.2," ,0,0915, ",39.4,"0,0731, ",-0.6,"0,1118",0.0,"0,0326",-3.3,"0,0314",1720.7,7.0,1720.7,0,698.3," ,0",17.1,0,23.3,0,10.8,0,USW00013962,United States,ABILENE RGNL AP
USW00013962,"ABILENE REGIONAL AIRPORT, TX US",32.41063,-99.68208,544.8,1959,1306.4,,1306.4,0,68.0,0,42.0,0,0.0,0,60.0,0,4.0,0,234.0,0,105.0,0,-15.0,"0,0104, ",126.7," ,0,1003, ",40.6,"0,0830, ",-2.2,"0,1105",-2.2,"0,0413",-2.2,"0,0413",1595.7,7.0,1595.7,0,693.9," ,0",17.5,0,24.3,0,10.7,0,USW00013962,United States,ABILENE RGNL AP
USW00013962,"ABILENE REGIONAL AIRPORT, TX US",32.41063,-99.68208,544.8,1960,1447.4,,1447.4,0,70.0,0,40.0,0,0.0,0,67.0,0,5.0,0,241.0,0,115.0,0,-12.8,"0,0225, ",72.6," ,0,0705, ",40.6,"0,0621,+",0.0,"0,1109",0.0,"0,0319",-2.2,"0,0316",1715.3,3.0,1715.3,0,637.0," ,0",17.7,0,24.2,0,11.3,0,USW00013962,United States,ABILENE RGNL AP
USW00013962,"ABILENE REGIONAL AIRPORT, TX US",32.41063,-99.68208,544.8,1961,1129.4,,1129.4,0,77.0,0,48.0,0,0.0,0,45.0,0,8.0,0,247.0,0,87.0,0,-11.7,"0,0129, ",114.3," ,0,0903, ",36.1,"0,0804,+",-2.8,"0,1210",-2.8,"0,0228",-2.8,"0,0228",1493.9,9.0,1493.9,0,903.3," ,0",17.1,0,23.6,0,10.7,0,USW00013962,United States,ABILENE RGNL AP
USW00013962,"ABILENE REGIONAL AIRPORT, TX US",32.41063,-99.68208,544.8,1962,1410.9,,1410.9,0,62.0,0,37.0,0,0.0,0,56.0,0,4.0,0,249.0,0,109.0,0,-14.4,"0,0111, ",69.1," ,0,0726, ",40.0,"0,0806, ",0.0,"0,1118",0.0,"0,0316",-5.6,"0,0315",1551.6,6.0,1551.6,0,689.5," ,0",18.3,0,25.0,0,11.5,0,USW00013962,United States,ABILENE RGNL AP
USW00013962,"ABILENE REGIONAL AIRPORT, TX US",32.41063,-99.68208,544.8,1963,1690.4,,1690.4,0,59.0,0,28.0,0,0.0,0,65.0,0,7.0,0,265.0,0,129.0,0,-14.4,"0,0112, ",72.9," ,0,0830, ",39.4,"0,0725,+",-1.7,"0,1129",-0.6,"0,0309",-2.2,"0,0307",1417.3,3.0,1417.3,0,451.5," ,0",18.9,0,26.0,0,11.9,0,USW00013962,United States,ABILENE RGNL AP
USW00013962,"ABILENE REGIONAL AIRPORT, TX US",32.41063,-99.68208,544.8,1964,1542.9,,1542.9,0,63.0,0,41.0,0,0.0,0,51.0,0,1.0,0,260.0,0,107.0,0,-11.1,"0,0114,+",73.7," ,0,0816, ",40.6,"0,0811,+",0.0,"0,1119",-1.7,"0,0326",-3.3,"0,0228",1386.2,2.0,1386.2,0,644.2," ,0",18.9,0,25.4,0,12.4,0,USW00013962,United States,ABILENE RGNL AP
USW00013962,"ABILENE REGIONAL AIRPORT, TX US",32.41063,-99.68208,544.8,1965,1486.4,,1486.4,0,62.0,0,41.0,0,0.0,0,44.0,0,0.0,0,250.0,0,105.0,0,-9.4,"0,0320, ",57.9," ,0,0512, ",40.0,"0,0915, ",-1.1,"0,1129",-3.9,"0,0326",-3.9,"0,0326",1404.0,0.0,1404.0,0,618.8," ,0",18.9,0,25.0,0,12.7,0,USW00013962,United States,ABILENE RGNL AP
USW00013962,"ABILENE REGIONAL AIRPORT, TX US",32.41063,-99.68208,544.8,1966,1326.4,,1326.4,0,61.0,0,34.0,0,0.0,0,66.0,0,5.0,0,243.0,0,97.0,0,-13.9,"0,0130, ",49.8," ,0,1004, ",39.4,"0,0801,+",-2.8,"0,1102",-1.1,"0,0324",-6.7,"0,0306",1369.6,6.0,1369.6,0,553.4," ,0",17.6,0,24.1,0,11.2,0,USW00013962,United States,ABILENE RGNL AP
USW00013962,"ABILENE REGIONAL AIRPORT, TX US",32.41063,-99.68208,544.8,1967,1340.6,,1340.6,0,62.0,0,41.0,0,0.0,0,55.0,0,1.0,0,261.0,0,93.0,0,-10.0,"0,0108, ",54.4," ,0,0611, ",41.7,"0,0510, ",-1.1,"0,1104",-0.6,"0,0316",-7.2,"0,0308",1231.6,6.0,1231.6,0,593.3," ,0",18.3,0,24.9,0,11.7,0,USW00013962,United States,ABILENE RGNL AP
USW00013962,"ABILENE REGIONAL AIRPORT, TX US",32.41063,-99.68208,544.8,1968,1221.2,,1221.2,0,80.0,0,47.0,0,0.0,0,59.0,0,5.0,0,233.0,0,80.0,0,-11.1,"0,1231,+",48.0," ,0,1126, ",36.7,"0,1002,+",-1.7,"0,1109",-2.8,"0,0323",-2.8,"0,0323",1629.0,0.0,1629.0,0,728.1," ,0",17.3,0,23.3,0,11.3,0,USW00013962,United States,ABILENE RGNL AP
USW00013962,"ABILENE REGIONAL AIRPORT, TX US",32.41063,-99.68208,544.8,1969,1352.5,,1352.5,0,73.0,0,49.0,0,0.0,0,44.0,0,0.0,0,226.0,0,81.0,0,-8.3,"0,0101, ",67.6," ,0,0506, ",41.1,"0,0813, ",0.0,"0,1103",0.0,"0,0326",-3.3,"0,0313",1481.3,3.0,1481.3,0,936.1," ,0",17.9,0,23.9,0,11.9,0,USW00013962,United States,ABILENE RGNL AP
USW00013962,"ABILENE REGIONAL AIRPORT, TX US",32.41063,-99.68208,544.8,1970,1347.4,,1347.4,0,63.0,0,38.0,0,0.0,0,58.0,0,3.0,0,240.0,0,100.0,0,-11.7,"0,0107, ",49.3," ,0,0601, ",39.4,"0,0706, ",0.0,"0,1028",-2.8,"0,0405",-2.8,"0,0405",1588.8,8.0,1588.8,0,455.6," ,0",17.8,0,24.3,0,11.2,0,USW00013962,United States,ABILENE RGNL AP
USW00013962,"ABILENE REGIONAL AIRPORT, TX US",32.41063,-99.68208,544.8,1971,1210.4,,1210.4,0,66.0,0,48.0,0,0.0,0,41.0,0,3.0,0,259.0,0,76.0,0,-16.1,"0,0208, ",43.9," ,0,0416, ",39.4,"0,0705,+",-1.1,"0,1119",-1.1,"0,0407",-5.6,"0,0307",1389.4,4.0,1389.4,0,663.5," ,0",17.9,0,24.4,0,11.4,0,USW00013962,United States,ABILENE RGNL AP
USW00013962,"ABILENE REGIONAL AIRPORT, TX US",32.41063,-99.68208,544.8,1972,1248.7,,1248.7,0,57.0,0,34.0,0,0.0,0,70.0,0,4.0,0,249.0,0,91.0,0,-13.3,"0,0115, ",72.1," ,0,0813, ",41.1,"0,0627,+",-1.7,"0,1114",-0.6,"0,0401",-2.2,"0,0331",1287.4,4.0,1287.4,0,558.0," ,0",17.4,0,24.1,0,10.7,0,USW00013962,United States,ABILENE RGNL AP
USW00013962,"ABILENE REGIONAL AIRPORT, TX US",32.41063,-99.68208,544.8,1973,1160.2,,1160.2,0,77.0,0,49.0,0,1.0,0,55.0,0,8.0,0,240.0,0,82.0,0,-18.3,"0,0112, ",75.7," ,0,0906, ",39.4,"0,0823, ",-1.1,"0,1128",-3.3,"0,0410",-3.3,"0,0410",1888.1,1.0,1888.1,0,613.1," ,0",17.2,0,23.5,0,10.8,0,USW00013962,United States,ABILENE RGNL AP
USW00013962,"ABILENE REGIONAL AIRPORT, TX US",32.41063,-99.68208,544.8,1974,1234.2,,1234.2,0,64.0,0,42.0,0,0.0,0,52.0,0,4.0,0,247.0,0,89.0,0,-12.2,"0,0112, ",78.0," ,0,0916, ",40.6,"0,0723, ",-1.1,"0,1125",-0.6,"0,0405",-3.3,"0,0324",1235.8,8.0,1235.8,0,850.0," ,0",17.8,0,24.4,0,11.2,0,USW00013962,United States,ABILENE RGNL AP
USW00013962,"ABILENE REGIONAL AIRPORT, TX US",32.41063,-99.68208,544.8,1975,1108.2,,1108.2,0,67.0,0,37.0,0,0.0,0,62.0,0,1.0,0,243.0,0,81.0,0,-12.8,"0,0113,+",61.7," ,0,1102, ",37.2,"0,0614, ",0.0,"0,1112",-1.7,"0,0403",-3.3,"0,0330",1601.3,3.0,1601.3,0,564.4," ,0",17.1,0,23.7,0,10.5,0,USW00013962,United States,ABILENE RGNL AP
USW00013962,"ABILENE REGIONAL AIRPORT, TX US",32.41063,-99.68208,544.8,1976,1046.0,,1046.0,0,68.0,0,38.0,0,0.0,0,71.0,0,6.0,0,245.0,0,71.0,0,-13.9,"0,0108, ",47.0," ,0,0920, ",38.3,"0,0810,+",-1.7,"0,1020",0.0,"0,0327",-3.3,"0,0321",1376.8,8.0,1376.8,0,572.7," ,0",16.7,0,23.5,0,9.8,0,USW00013962,United States,ABILENE RGNL AP
USW00013962,"ABILENE REGIONAL AIRPORT, TX US",32.41063,-99.68208,544.8,1977,1435.0,,1435.0,0,57.0,0,35.0,0,0.0,0,52.0,0,3.0,0,254.0,0,111.0,0,-13.3,"0,0109, ",53.3," ,0,0326, ",40.6,"0,0926, ",-1.7,"0,1109",0.0,"0,0322",-2.8,"0,0306",1801.4,4.0,1801.4,0,413.4," ,0",18.3,0,25.1,0,11.6,0,USW00013962,United States,ABILENE RGNL AP
USW00013962,"ABILENE REGIONAL AIRPORT, TX US",32.41063,-99.68208,544.8,1978,1637.7,,1637.7,0,67.0,0,32.0,0,0.0,0,71.0,0,9.0,0,243.0,0,121.0,0,-11.1,"0,0120, ",160.0," ,0,0803, ",43.3,"0,0717, ",-1.1,"0,1128",-0.6,"0,0316",-6.1,"0,0309",1658.1,1.0,1658.1,0,465.1," ,0",17.9,0,24.3,0,11.6,0,USW00013962,United States,ABILENE RGNL AP
USW00013962,"ABILENE REGIONAL AIRPORT, TX US",32.41063,-99.68208,544.8,1979,1370.4,,1370.4,0,71.0,0,40.0,0,0.0,0,55.0,0,7.0,0,241.0,0,115.0,0,-13.9,"0,0102, ",34.3," ,0,0329, ",39.4,"0,1001, ",-2.2,"0,1111",-1.1,"0,0304",-3.3,"0,0226",1644.0,0.0,1644.0,0,517.6," ,0",17.6,0,24.2,0,11.0,0,USW00013962,United States,ABILENE RGNL AP
USW00013962,"ABILENE REGIONAL AIRPORT, TX US",32.41063,-99.68208,544.8,1980,1585.4,,1585.4,0,56.0,0,31.0,0,0.0,0,49.0,0,6.0,0,250.0,0,111.0,0,-12.2,"0,0302, ",44.5," ,0,0527, ",42.8,"0,0628, ",-1.7,"0,1029",-0.6,"0,0318",-2.2,"0,0305",1434.5,5.0,1434.5,0,525.6," ,0",18.7,0,25.1,0,12.3,0,USW00013962,United States,ABILENE RGNL AP
USW00013962,"ABILENE REGIONAL AIRPORT, TX US",32.41063,-99.68208,544.8,1981,1459.5,,1459.5,0,65.0,0,44.0,0,0.0,0,30.0,0,0.0,0,239.0,0,107.0,0,-12.8,"0,0211, ",97.3," ,0,1013, ",40.0,"0,0723, ",-1.1,"0,1110",0.0,"0,0323",-3.9,"0,0212",1381.7,7.0,1381.7,0,705.8," ,0",18.7,0,24.8,0,12.6,0,USW00013962,United States,ABILENE RGNL AP
USW00013962,"ABILENE REGIONAL AIRPORT, TX US",32.41063,-99.68208,544.8,1982,1432.3,,1432.3,0,73.0,0,37.0,0,0.0,0,52.0,0,6.0,0,247.0,0,103.0,0,-15.0,"0,0111, ",53.8," ,0,0512, ",38.3,"0,0816,+",0.0,"0,1103",-3.3,"0,0307",-3.3,"0,0307",1395.1,1.0,1395.1,0,541.7," ,0",18.1,0,24.3,0,11.9,0,USW00013962,United States,ABILENE RGNL AP
USW00013962,"ABILENE REGIONAL AIRPORT, TX US",32.41063,-99.68208,544.8,1983,1345.5,,1345.5,0,73.0,0,34.0,0,0.0,0,54.0,0,9.0,0,233.0,0,99.0,0,-16.7,"0,1222, ",58.4," ,0,0715, ",40.0,"0,0831, ",-2.8,"0,1127",-1.1,"0,0409",-3.3,"0,0321",1571.6,6.0,1571.6,0,495.9," ,0",17.3,0,23.6,0,11.1,0,USW00013962,United States,ABILENE RGNL AP
USW00013962,"ABILENE REGIONAL AIRPORT, TX US",32.41063,-99.68208,544.8,1984,1390.2,,1390.2,0,66.0,0,38.0,0,0.0,0,41.0,0,4.0,0,233.0,0,116.0,0,-12.2,"0,0119, ",52.3," ,0,0925, ",40.0,"0,0820, ",0.0,"0,1122",-2.2,"0,0309",-2.2,"0,0309",1634.5,5.0,1634.5,0,567.6," ,0",18.0,0,24.3,0,11.6,0,USW00013962,United States,ABILENE RGNL AP
USW00013962,"ABILENE REGIONAL AIRPORT, TX US",32.41063,-99.68208,544.8,1985,1326.6,,1326.6,0,67.0,0,39.0,0,1.0,0,61.0,0,12.0,0,237.0,0,88.0,0,-21.7,"0,0202, ",85.6," ,0,0814, ",39.4,"0,0529, ",-2.2,"0,1120",0.0,"0,0331",-2.2,"0,0215",1570.7,7.0,1570.7,0,566.1," ,0",17.4,0,23.6,0,11.4,0,USW00013962,United States,ABILENE RGNL AP
USW00013962,"ABILENE REGIONAL AIRPORT, TX US",32.41063,-99.68208,544.8,1986,1370.7,,1370.7,0,82.0,0,50.0,0,0.0,0,39.0,0,4.0,0,250.0,0,90.0,0,-7.8,"0,0211, ",73.9," ,0,0702, ",40.6,"0,0820,+",-3.9,"0,1111",-2.2,"0,0222",-2.2,"0,0222",1297.3,3.0,1297.3,0,812.8," ,0",18.5,0,24.6,0,12.4,0,USW00013962,United States,ABILENE RGNL AP
USW00013962,"ABILENE REGIONAL AIRPORT, TX US",32.41063,-99.68208,544.8,1987,1209.1,,1209.1,0,81.0,0,44.0,0,0.0,0,46.0,0,3.0,0,239.0,0,82.0,0,-9.4,"0,1215, ",55.1," ,0,1225, ",37.8,"0,0816,+",-1.7,"0,1110",-1.7,"0,0403",-5.6,"0,0330",1586.1,1.0,1586.1,0,687.9," ,0",17.5,0,23.8,0,11.2,0,USW00013962,United States,ABILENE RGNL AP
USW00013962,"ABILENE REGIONAL AIRPORT, TX US",32.41063,-99.68208,544.8,1988,1268.5,,1268.5,0,54.0,0,31.0,0,0.0,0,61.0,0,6.0,0,248.0,0,94.0,0,-9.4,"0,0211, ",59.7," ,0,0602, ",39.4,"0,0608, ",-0.6,"0,1120",-3.9,"0,0319",-3.9,"0,0319",1538.6,6.0,1538.6,0,412.3," ,0",17.9,0,24.8,0,10.9,0,USW00013962,United States,ABILENE RGNL AP
USW00013962,"ABILENE REGIONAL AIRPORT, TX US",32.41063,-99.68208,544.8,1989,1360.5,,1360.5,0,60.0,0,39.0,0,2.0,0,53.0,0,7.0,0,251.0,0,90.0,0,-21.7,"0,1223, ",91.9," ,0,0610, ",41.1,"0,0718,+",0.0,"0,1019",-5.0,"0,0322",-5.0,"0,0322",1366.0,0.0,1366.0,0,702.8," ,0",17.6,0,24.2,0,11.0,0,USW00013962,United States,ABILENE RGNL AP
USW00013962,"ABILENE REGIONAL AIRPORT, TX US",32.41063,-99.68208,544.8,1990,1350.8,,1350.8,0,78.0,0,51.0,0,0.0,0,37.0,0,4.0,0,250.0,0,89.0,0,-14.4,"0,1223, ",119.9," ,0,0502, ",39.4,"0,0626,+",0.0,"0,1022",-1.7,"0,0325",-2.8,"0,0216",1415.2,2.0,1415.2,0,796.9," ,0",18.4,0,24.7,0,12.2,0,USW00013962,United States,ABILENE RGNL AP
USW00013962,"ABILENE REGIONAL AIRPORT, TX US",32.41063,-99.68208,544.8,1991,1237.9,,1237.9,0,90.0,0,53.0,0,0.0,0,40.0,0,1.0,0,237.0,0,82.0,0,-6.1,"0,1103, ",57.9," ,0,0913, ",37.8,"0,0719,+",-0.6,"0,1030",-1.7,"0,0308",-3.3,"0,0220",1338.3,3.0,1338.3,0,846.0," ,0",17.9,0,23.9,0,11.8,0,USW00013962,United States,ABILENE RGNL AP
USW00013962,"ABILENE REGIONAL AIRPORT, TX US",32.41063,-99.68208,544.8,1992,1137.0,,1137.0,0,85.0,0,50.0,0,0.0,0,40.0,0,0.0,0,233.0,0,77.0,0,-9.4,"0,0116, ",45.0," ,0,0224, ",37.2,"0,0701,+",-0.6,"0,1104",-1.1,"0,0311",-3.3,"0,0208",1442.5,5.0,1442.5,0,708.2," ,0",17.8,0,23.9,0,11.6,0,USW00013962,United States,ABILENE RGNL AP
USW00013962,"ABILENE REGIONAL AIRPORT, TX US",32.41063,-99.68208,544.8,1993,1310.2,,1310.2,0,69.0,0,38.0,0,0.0,0,55.0,0,4.0,0,220.0,0,94.0,0,-8.9,"0,1126, ",53.6," ,0,1019, ",39.4,"0,0725,+",-0.6,"0,1029",-1.1,"0,0314",-6.1,"0,0313",1483.0,0.0,1483.0,0,478.0," ,0",17.5,0,24.0,0,11.0,0,USW00013962,United States,ABILENE RGNL AP
USW00013962,"ABILENE REGIONAL AIRPORT, TX US",32.41063,-99.68208,544.8,1994,1337.6,,1337.6,0,64.0,0,43.0,0,0.0,0,44.0,0,1.0,0,240.0,0,92.0,0,-10.0,"0,0201, ",105.4," ,0,0510, ",42.8,"0,0627, ",0.0,"0,1116",-1.7,"0,0406",-3.3,"0,0310",1545.2,2.0,1545.2,0,722.7," ,0",18.1,0,24.5,0,11.6,0,USW00013962,United States,ABILENE RGNL AP
USW00013962,"ABILENE REGIONAL AIRPORT, TX US",32.41063,-99.68208,544.8,1995,1184.3,,1184.3,0,81.0,0,34.0,0,0.0,0,44.0,0,3.0,0,246.0,0,76.0,0,-8.9,"0,1210, ",121.7," ,0,0801, ",41.7,"0,0728, ",-1.1,"0,1103",0.0,"0,0411",-7.8,"0,0308",1389.2,2.0,1389.2,0,587.9," ,0",17.7,0,24.1,0,11.3,0,USW00013962,United States,ABILENE RGNL AP
USW00013962,"ABILENE REGIONAL AIRPORT, TX US",32.41063,-99.68208,544.8,1996,1338.8,,1338.8,0,66.0,0,44.0,0,0.0,0,61.0,0,5.0,0,265.0,0,90.0,0,-14.4,"0,0204, ",72.4," ,0,0914, ",40.0,"0,0707, ",-2.2,"0,1124",-0.6,"0,0406",-2.2,"0,0326",1482.4,4.0,1482.4,0,735.9," ,0",17.9,0,24.8,0,11.1,0,USW00013962,United States,ABILENE RGNL AP
USW00013962,"ABILENE REGIONAL AIRPORT, TX US",32.41063,-99.68208,544.8,1997,1218.9,,1218.9,0,69.0,0,44.0,0,0.0,0,60.0,0,5.0,0,233.0,0,95.0,0,-10.0,"0,0113, ",44.7," ,0,0608, ",37.8,"0,0917,+",-2.2,"0,1027",0.0,"0,0414",-2.8,"0,0413",1483.6,6.0,1483.6,0,687.8," ,0",17.2,0,23.5,0,10.9,0,USW00013962,United States,ABILENE RGNL AP
USW00013962,"ABILENE REGIONAL AIRPORT, TX US",32.41063,-99.68208,544.8,1998,1700.7,,1700.7,0,57.0,0,32.0,0,0.0,0,40.0,0,3.0,0,243.0,0,138.0,0,-10.6,"0,1222, ",38.6," ,0,0610, ",41.7,"0,0712, ",-1.7,"0,1208",-2.8,"0,0321",-2.8,"0,0321",1497.8,8.0,1497.8,0,352.4," ,0",19.3,0,26.1,0,12.5,0,USW00013962,United States,ABILENE RGNL AP
USW00013962,"ABILENE REGIONAL AIRPORT, TX US",32.41063,-99.68208,544.8,1999,1412.7,,1412.7,0,47.0,0,25.0,0,0.0,0,39.0,0,0.0,0,268.0,0,106.0,0,-8.3,"0,0104,+",46.2," ,0,0129, ",40.0,"0,0813,+",0.0,"0,1124",-0.6,"0,0315",-2.8,"0,0223",1201.8,8.0,1201.8,0,422.7," ,0",19.0,0,25.9,0,12.1,0,USW00013962,United States,ABILENE RGNL AP
USW00013962,"ABILENE REGIONAL AIRPORT, TX US",32.41063,-99.68208,544.8,2000,1647.1,,1647.1,0,57.0,0,32.0,0,0.0,0,46.0,0,4.0,0,245.0,0,128.0,0,-7.2,"0,1212, ",86.9," ,0,1017, ",42.8,"0,0524, ",-1.1,"0,1108",0.0,"0,0311",-4.4,"0,0212",1036.4,4.0,1036.4,0,562.3," ,0",19.1,0,25.6,0,12.6,0,USW00013962,United States,ABILENE RGNL AP
USW00013962,"ABILENE REGIONAL AIRPORT, TX US",32.41063,-99.68208,544.8,2001,1399.2,,1399.2,0,69.0,0,44.0,0,0.0,0,48.0,0,4.0,0,237.0,0,96.0,0,-5.6,"0,0120, ",41.9," ,0,0828, ",40.0,"0,0716,+",-0.6,"0,1120",0.0,"0,0320",-3.3,"0,0228",1733.6,6.0,1733.6,0,556.1," ,0",18.2,0,24.3,0,12.2,0,USW00013962,United States,ABILENE RGNL AP
USW00013962,"ABILENE REGIONAL AIRPORT, TX US",32.41063,-99.68208,544.8,2002,1279.5,,1279.5,0,71.0,0,42.0,0,0.0,0,49.0,0,0.0,0,228.0,0,93.0,0,-9.4,"0,0303, ",144.0," ,0,0706, ",38.9,"0,0826, ",0.0,"0,1106",-2.2,"0,0326",-2.2,"0,0326",1330.6,6.0,1330.6,0,710.7," ,0",17.6,0,23.9,0,11.3,0,USW00013962,United States,ABILENE RGNL AP
USW00013962,"ABILENE REGIONAL AIRPORT, TX US",32.41063,-99.68208,544.8,2003,1293.4,,1293.4,0,60.0,0,37.0,0,0.0,0,50.0,0,2.0,0,251.0,0,88.0,0,-9.4,"0,0225, ",49.8," ,0,0605, ",41.7,"0,0808, ",-1.7,"0,1123",-2.8,"0,0409",-2.8,"0,0409",1534.9,9.0,1534.9,0,483.4," ,0",18.1,0,24.7,0,11.6,0,USW00013962,United States,ABILENE RGNL AP
USW00013962,"ABILENE REGIONAL AIRPORT, TX US",32.41063,-99.68208,544.8,2004,1095.8,,1095.8,0,89.0,0,60.0,0,0.0,0,41.0,0,4.0,0,240.0,0,62.0,0,-9.4,"0,0106, ",75.9," ,0,0820, ",39.4,"0,0601, ",-1.1,"0,1130",-5.0,"0,0226",-5.0,"0,0226",1293.9,9.0,1293.9,0,949.7," ,0",17.6,0,23.6,0,11.7,0,USW00013962,United States,ABILENE RGNL AP
USW00013962,"ABILENE REGIONAL AIRPORT, TX US",32.41063,-99.68208,544.8,2005,1346.7,,1346.7,0,71.0,0,40.0,0,0.0,0,39.0,0,2.0,0,253.0,0,109.0,0,-12.2,"0,1208, ",64.0," ,0,1006, ",40.6,"0,0703, ",-3.9,"0,1116",-1.7,"0,0317",-2.2,"0,0210",1279.7,7.0,1279.7,0,499.9," ,0",18.4,0,25.0,0,11.8,0,USW00013962,United States,ABILENE RGNL AP
USW00013962,"ABILENE REGIONAL AIRPORT, TX US",32.41063,-99.68208,544.8,2006,1493.3,,1493.3,0,47.0,0,30.0,0,0.0,0,41.0,0,3.0,0,264.0,0,113.0,0,-8.9,"0,1208, ",44.5," ,0,0419, ",40.0,"0,0825, ",-1.1,"0,1102",-3.3,"0,0324",-3.3,"0,0324",1186.9,9.0,1186.9,0,527.9," ,0",19.2,0,26.2,0,12.3,0,USW00013962,United States,ABILENE RGNL AP
USW00013962,"ABILENE REGIONAL AIRPORT, TX US",32.41063,-99.68208,544.8,2007,1205.6,,1205.6,0,83.0,0,48.0,0,0.0,0,64.0,0,7.0,0,263.0,0,66.0,0,-8.9,"0,0216, ",100.1," ,0,0817, ",36.1,"0,0814, ",-1.7,"0,1122",0.0,"0,0408",-2.2,"0,0407",1402.2,2.0,1402.2,0,911.6," ,0",17.7,0,23.8,0,11.6,0,USW00013962,United States,ABILENE RGNL AP
USW00013962,"ABILENE REGIONAL AIRPORT, TX US",32.41063,-99.68208,544.8,2008,1321.0,,1321.0,0,58.0,0,38.0,0,0.0,0,53.0,0,1.0,0,259.0,0,102.0,0,-10.0,"0,0102, ",54.6," ,0,0816, ",41.1,"0,0728, ",-1.1,"0,1115",-5.6,"0,0308",-5.6,"0,0308",1314.8,8.0,1314.8,0,619.4," ,0",18.3,0,25.4,0,11.1,0,USW00013962,United States,ABILENE RGNL AP
USW00013962,"ABILENE REGIONAL AIRPORT, TX US",32.41063,-99.68208,544.8,2009,1359.1,,1359.1,0,71.0,0,42.0,0,0.0,0,58.0,0,1.0,0,261.0,0,102.0,0,-11.1,"0,0128, ",51.1," ,0,0516, ",41.1,"0,0709, ",0.0,"0,1117",-2.2,"0,0407",-2.2,"0,0407",1243.6,6.0,1243.6,0,548.3," ,0",18.3,0,25.2,0,11.5,0,USW00013962,United States,ABILENE RGNL AP
USW00013962,"ABILENE REGIONAL AIRPORT, TX US",32.41063,-99.68208,544.8,2010,1460.7,,1460.7,0,64.0,0,46.0,0,0.0,0,52.0,0,1.0,0,246.0,0,102.0,0,-10.6,"0,0108, ",80.0," ,0,0727, ",40.0,"0,0823, ",-1.1,"0,1105",-1.7,"0,0322",-2.2,"0,0302",1647.3,3.0,1647.3,0,706.3," ,0",18.3,0,24.6,0,12.0,0,USW00013962,United States,ABILENE RGNL AP
USW00013962,"ABILENE REGIONAL AIRPORT, TX US",32.41063,-99.68208,544.8,2011,1926.1,,1926.1,X,44.0,X,23.0,X,0.0,X,59.0,X,5.0,X,259.0,X,147.0,X,-13.9,"X,0202, ",90.7," ,X,1008, ",42.8,"X,0528, ",0.0,"X,1103",-1.7,"X,0310",-2.2,"X,0306",1284.8,8.0,1284.8,X,428.0," ,X",19.7,X,26.9,X,12.6,X,USW00013962,United States,ABILENE RGNL AP
USW00013962,"ABILENE REGIONAL AIRPORT, TX US",32.41063,-99.68208,544.8,2012,1667.0,,1667.0,X,58.0,X,31.0,X,0.0,X,30.0,X,0.0,X,272.0,X,127.0,X,-8.3,"X,1229, ",96.8," ,X,0929, ",42.2,"X,0812, ",-1.7,"X,1112",-0.6,"X,0213",-3.3,"X,0212",1183.2,2.0,1183.2,X,589.7," ,X",19.9,X,26.6,X,13.2,X,USW00013962,United States,ABILENE RGNL AP
USW00013962,"ABILENE REGIONAL AIRPORT, TX US",32.41063,-99.68208,544.8,2013,1486.7,,1486.7,W,61.0,W,41.0,W,0.0,W,68.0,W,2.0,W,251.0,W,119.0,W,-9.9,"W,1210,+",66.8," ,W,0617, ",40.0,"W,0807,+",0.0,"W,1107",-0.5,"W,0410",-2.2,"X,0325",1302.1,1.0,1302.1,W,589.4," ,W",18.3,W,25.1,W,11.4,W,USW00013962,United States,ABILENE RGNL AP
USW00013962,"ABILENE REGIONAL AIRPORT, TX US",32.41063,-99.68208,544.8,2014,1536.6,,1536.6,W,55.0,W,27.0,W,0.0,W,53.0,W,4.0,W,254.0,W,123.0,W,-12.1,"W,0128, ",50.5," ,W,1104, ",40.0,"W,0505, ",0.0,"W,1111",-2.1,"W,0415",-5.5,"W,0304",1563.3,3.0,1563.3,W,382.1," ,W",18.6,W,25.4,W,11.8,W,USW00013962,United States,ABILENE RGNL AP
USW00013962,"ABILENE REGIONAL AIRPORT, TX US",32.41063,-99.68208,544.8,2015,1493.2,,1493.2,W,88.0,W,51.0,W,0.0,W,46.0,W,5.0,W,259.0,W,115.0,W,-8.8,"W,0108, ",209.8," ,W,0707, ",40.0,"W,0809, ",-2.1,"W,1121",-3.2,"W,0306",-3.2,"W,0306",1397.5,5.0,1397.5,W,1026.5," ,W",18.6,W,25.0,W,12.2,W,USW00013962,United States,ABILENE RGNL AP
USW00013962,"ABILENE REGIONAL AIRPORT, TX US",32.41063,-99.68208,544.8,2016,1417.8,,1417.8,W,78.0,W,58.0,W,0.0,W,32.0,W,1.0,W,257.0,W,92.0,W,-12.1,"W,1218, ",64.5," ,W,0820, ",39.4,"W,0811, ",-0.5,"W,1119",-0.5,"W,0320",-4.9,"W,0204",1162.1,1.0,1162.1,W,940.0," ,W",19.1,W,25.4,W,12.9,W,USW00013962,United States,ABILENE RGNL AP
USW00013962,"ABILENE REGIONAL AIRPORT, TX US",32.41063,-99.68208,544.8,2017,1317.2,,1317.2,W,63.0,W,36.0,W,0.0,W,38.0,W,3.0,W,270.0,W,91.0,W,-12.7,"W,0107, ",54.1," ,W,0814, ",39.4,"W,0729,+",-1.0,"W,1027",-1.0,"W,0302",-4.3,"W,0203",1032.0,0.0,1032.0,W,532.6," ,W",18.7,W,25.4,W,12.0,W,USW00013962,United States,ABILENE RGNL AP
USW00013962,"ABILENE REGIONAL AIRPORT, TX US",32.41063,-99.68208,544.8,2018,1502.8,,1502.8,W,76.0,W,49.0,W,0.0,W,57.0,W,4.0,W,241.0,W,106.0,W,-14.9,"W,0117, ",68.8," ,W,1009, ",41.1,"W,0722,+",0.0,"W,1110",0.0,"W,0415",-3.8,"W,0222",1454.5,5.0,1454.5,W,861.9," ,W",18.3,W,24.9,W,11.6,W,USW00013962,United States,ABILENE RGNL AP
USW00013962,"ABILENE REGIONAL AIRPORT, TX US",32.41063,-99.68208,544.8,2019,1590.2,,1590.2,W,62.0,W,35.0,W,0.0,W,43.0,W,2.0,W,243.0,W,118.0,W,-8.2,"W,0305, ",55.1," ,W,0423, ",42.8,"W,0826, ",-1.6,"W,1030",-3.8,"W,0306",-3.8,"W,0306",1438.2,2.0,1438.2,W,588.5," ,W",18.8,W,25.4,W,12.3,W,USW00013962,United States,ABILENE RGNL AP
USW00013962,"ABILENE REGIONAL AIRPORT, TX US",32.41063,-99.68208,544.8,2020,1507.7,,1507.7,W,61.0,W,38.0,W,0.0,W,40.0,W,2.0,W,261.0,W,122.0,W,-9.3,"W,0206, ",96.5," ,W,0909, ",42.2,"W,0814,+",-1.6,"W,1026",-1.6,"W,0228",-3.2,"W,0227",1298.0,0.0,1298.0,W,671.2," ,W",19.1,W,26.1,W,12.1,W,USW00013962,United States,ABILENE RGNL AP
USW00013962,"ABILENE REGIONAL AIRPORT, TX US",32.41063,-99.68208,544.8,2021,1436.8,,1436.8,W,56.0,W,31.0,W,2.0,W,40.0,W,9.0,W,263.0,W,112.0,W,-19.9,"W,0216, ",90.4," ,W,0531, ",40.0,"W,0920, ",-0.5,"W,1122",0.0,"W,0421",-14.9,"W,0219",1429.2,2.0,1429.2,W,620.9," ,W",18.9,W,25.4,W,12.4,W,USW00013962,United States,ABILENE RGNL AP
USW00013962,"ABILENE REGIONAL AIRPORT, TX US",32.41063,-99.68208,544.8,2022,1923.2,,1923.2,W,52.0,W,34.0,W,0.0,W,64.0,W,4.0,W,263.0,W,146.0,W,-12.1,"W,1223,+",46.7," ,W,0829, ",43.3,"W,0720,+",-2.1,"W,1112",-0.5,"W,0324",-8.2,"W,0312",1104.0,0.0,1104.0,W,371.5," ,W",19.8,W,26.9,W,12.6,W,USW00013962,United States,ABILENE RGNL AP
USW00013962,"ABILENE REGIONAL AIRPORT, TX US",32.41063,-99.68208,544.8,2023,1820.2,,1820.2,W,76.0,W,44.0,W,0.0,W,32.0,W,3.0,W,260.0,W,129.0,W,-6.6,"W,0211,+",47.0," ,W,0512, ",43.9,"W,0817, ",-0.5,"W,1031",0.0,"W,0319",-5.5,"W,0217",1185.8,8.0,1185.8,W,588.2," ,W",20.3,W,27.0,W,13.5,W,USW00013962,United States,ABILENE RGNL AP
USW00013962,"ABILENE REGIONAL AIRPORT, TX US",32.41063,-99.68208,544.8,2024,1778.6,,1778.6,W,58.0,W,36.0,W,0.0,W,22.0,W,3.0,W,274.0,W,122.0,W,-13.2,"W,0115, ",69.1," ,W,0530, ",45.0,"W,0821, ",-0.5,"W,1129",-5.5,"W,0218",-5.5,"W,0218",1129.2,2.0,1129.2,W,705.7," ,W",20.4,W,27.0,W,13.8,W,USW00013962,United States,ABILENE RGNL AP
USW00013962,"ABILENE REGIONAL AIRPORT, TX US",32.41063,-99.68208,544.8,2025,,,,,,,,,,,,,,,,,,,,,,,,,,,,,,,1087.2,2.0,1087.2, ,,,,,,,,,USW00013962,United States,ABILENE RGNL AP
